{
  "hash": "5db32576",
  "configHash": "a9450ea6",
  "lockfileHash": "f3197579",
  "browserHash": "250305cd",
  "optimized": {
    "@angular/common": {
      "src": "../../../../../../node_modules/@angular/common/fesm2022/common.mjs",
      "file": "@angular_common.js",
      "fileHash": "2975d8d6",
      "needsInterop": false
    },
    "@angular/core": {
      "src": "../../../../../../node_modules/@angular/core/fesm2022/core.mjs",
      "file": "@angular_core.js",
      "fileHash": "ccc86a61",
      "needsInterop": false
    },
    "@angular/forms": {
      "src": "../../../../../../node_modules/@angular/forms/fesm2022/forms.mjs",
      "file": "@angular_forms.js",
      "fileHash": "c653eaa6",
      "needsInterop": false
    },
    "@angular/platform-browser": {
      "src": "../../../../../../node_modules/@angular/platform-browser/fesm2022/platform-browser.mjs",
      "file": "@angular_platform-browser.js",
      "fileHash": "e3a1712c",
      "needsInterop": false
    },
    "@angular/router": {
      "src": "../../../../../../node_modules/@angular/router/fesm2022/router.mjs",
      "file": "@angular_router.js",
      "fileHash": "57e5fd25",
      "needsInterop": false
    }
  },
  "chunks": {
    "chunk-33O7NINW": {
      "file": "chunk-33O7NINW.js"
    },
    "chunk-4KWGREMB": {
      "file": "chunk-4KWGREMB.js"
    },
    "chunk-NJ4CSD6C": {
      "file": "chunk-NJ4CSD6C.js"
    }
  }
}